[
  {
    "filename": "nr-tab-approles.flow",
    "group": "flows",
    "type": "tab",
    "id": "1c3e86c9.737569",
    "digest": "419c361b40fa5d310727250e9784149c6550bb2612ff1aaa19e8fde93e1a2a99"
  },
  {
    "filename": "nr-tab-canzea.flow",
    "group": "flows",
    "type": "tab",
    "id": "ee146484.8c3e08",
    "digest": "c1b6cb8172034dfd399dc801916f8dab58bc5fdef91de727c199ef3568139fd5"
  },
  {
    "filename": "nr-tab-chatbot.flow",
    "group": "flows",
    "type": "tab",
    "id": "22df926c.52638e",
    "digest": "329b2c97e1ff419f2490ec64719f92e34dbff88a46ee0ef6bc117f1532cc07e8"
  },
  {
    "filename": "nr-tab-components.flow",
    "group": "flows",
    "type": "tab",
    "id": "7136c9b4.fed0e8",
    "digest": "d23f4a1e3853bc6d2bc70633846b4262be151b60318fe72180a0e4e70b9562b6"
  },
  {
    "filename": "nr-tab-environments.flow",
    "group": "flows",
    "type": "tab",
    "id": "c093f8f0.e25478",
    "digest": "7bb3374dc9689ccdd55f3702330099cbd8d4fe1899dae99bd8deae1201042f12"
  },
  {
    "filename": "nr-tab-export-flows.flow",
    "group": "flows",
    "type": "tab",
    "id": "16159c01.581734",
    "digest": "6e5a05ea722f0bd1bd8b10a2d5d1847507303a407c873dbf644828ca4b286875"
  },
  {
    "filename": "nr-tab-flow-1.flow",
    "group": "flows",
    "type": "tab",
    "id": "200e6099.50537",
    "digest": "4c575c1a768eca084a98901631765e7ce91059f25ea60da4a80ca968c5e7d73e"
  },
  {
    "filename": "nr-tab-go-cd.flow",
    "group": "flows",
    "type": "tab",
    "id": "2ceba041.5657b",
    "digest": "56dec49a949fe579116bdb36150cae23fe2c3f1334fbdf22a3e003c07bb090c2"
  },
  {
    "filename": "nr-tab-picture.flow",
    "group": "flows",
    "type": "tab",
    "id": "c70d1b7b.be4598",
    "digest": "37296baed373933f966f83d465147a0ee1829dba8f01b4379ec508af7fa78175"
  },
  {
    "filename": "nr-tab-pipelines-2.flow",
    "group": "flows",
    "type": "tab",
    "id": "849470fd.872a5",
    "digest": "df7763506c3838afe5cf439b1cac7703579de772014e4ba6abfb3ca0ba3e99da"
  },
  {
    "filename": "nr-tab-pipelines-3.flow",
    "group": "flows",
    "type": "tab",
    "id": "c211d12.37d2f3",
    "digest": "52c4b513693454b6a7a14ad26c44b8b5cb9f174e6b87618b81abf5ab20c319aa"
  },
  {
    "filename": "nr-tab-pipelines.flow",
    "group": "flows",
    "type": "tab",
    "id": "a4a9989.f02c368",
    "digest": "873b76f31ee806e6199499262bf1a7c8fba1b52cc7444f0e05a2694afe1ce3a6"
  },
  {
    "filename": "nr-tab-play-area.flow",
    "group": "flows",
    "type": "tab",
    "id": "2fae27f.8666fd8",
    "digest": "02e4348a6fe44ae04b548e892ae9aabdf59e70e62f7b1fede800c456f5d12dd4"
  },
  {
    "filename": "nr-tab-policies.flow",
    "group": "flows",
    "type": "tab",
    "id": "5cad3b09.09b634",
    "digest": "aca87b5c368ab9e437836f7cdf0612c81f06837f97d3ce62efd50f241d5512f7"
  },
  {
    "filename": "nr-tab-rocket-chat.flow",
    "group": "flows",
    "type": "tab",
    "id": "e8001695.162d58",
    "digest": "bd158b7b36484f9e0556462f5c40f86941a94919ab9ce3616b62aef9af1892df"
  },
  {
    "filename": "nr-tab-services.flow",
    "group": "flows",
    "type": "tab",
    "id": "a59f53cb.fe12d",
    "digest": "2e57b664b28f8784e7d7d1e278fd7c58c6f65417d0d3574e09d961e170a5199e"
  },
  {
    "filename": "nr-tab-slack-simulator.flow",
    "group": "flows",
    "type": "tab",
    "id": "f69b2e78.97f1d",
    "digest": "9b38ab972af39c9564ef53cc3ca166f262c79caa9ccbe482a53cb4bd75fa1e5b"
  },
  {
    "filename": "nr-tab-vars.flow",
    "group": "flows",
    "type": "tab",
    "id": "62aa6e54.c802b",
    "digest": "79e04942ea1ac3f8f4462816e0e21c43ff1cc7d25b52787e93ce24538e0cff5b"
  },
  {
    "filename": "nr-tab-vault-get.flow",
    "group": "flows",
    "type": "tab",
    "id": "3d1759e3.19d726",
    "digest": "1ba5748d3551f00bdd4fcdc6310ff05f3361034a620f31d9f6cc8fb428eb415a"
  },
  {
    "filename": "nr-tab-versioning.flow",
    "group": "flows",
    "type": "tab",
    "id": "b6880319.eb28a",
    "digest": "076353078f3d129cbeb8b3991d8cd076307a5a8024b716695929d4fed56934d5"
  },
  {
    "filename": "nr-tab-id-global.flow",
    "group": "flows",
    "type": "tab",
    "id": "global",
    "digest": "3c80f6fd73cb8ec738d7e9d05397eeee6e0e851441eb59d528ca24a2f22f616a"
  },
  {
    "filename": "global-subflow-rocket-chat-send-message.flow",
    "group": "subflows",
    "type": "subflow",
    "id": "459ae946.b59388",
    "digest": "da5875551dd160d15ec1cd258879ef5aae40e01d96687f463a362527c6ae9b81"
  },
  {
    "filename": "global-subflow-rocket-chat-channels.flow",
    "group": "subflows",
    "type": "subflow",
    "id": "4fc6c84.9271b38",
    "digest": "7efb62c2c7a54ed0974fa01aef574f8ab60bfe790ecc01b837ae1af91b3cb2dc"
  },
  {
    "filename": "global-subflow-rocket-chat-users.flow",
    "group": "subflows",
    "type": "subflow",
    "id": "9ed8bb48.699498",
    "digest": "4a126285a14768aeb9b456c35277edc8d66ae52675cc3d0515f49b26e7ae8af9"
  },
  {
    "filename": "global-subflow-rocket-chat-groups.flow",
    "group": "subflows",
    "type": "subflow",
    "id": "3206ac46.8fc5e4",
    "digest": "392462de93139c92ee07cb72732b89bd3bcd9ca1176a19395e357801e4f2f1ea"
  },
  {
    "filename": "global-subflow-vault.flow",
    "group": "subflows",
    "type": "subflow",
    "id": "fcb37b93.778448",
    "digest": "3e83f37028794f64d2bf4b6ff240cd21322b3f4b99745cc28f17fa47a760397f"
  },
  {
    "filename": "global-subflow-exports-nodered.flow",
    "group": "subflows",
    "type": "subflow",
    "id": "9223e50a.f92628",
    "digest": "551202c7177e7a2bf007e8fa212fdbff13cf8aef5fb3fa8a5e62e8ffa6a6521c"
  },
  {
    "filename": "global-subflow-components.flow",
    "group": "subflows",
    "type": "subflow",
    "id": "ea5122d7.76e78",
    "digest": "0048a5fdbf82f2a67bd76a68246b165e97f5723da036ac60b3e6294a89abf7a4"
  },
  {
    "filename": "global-subflow-go-cd-pipelines.flow",
    "group": "subflows",
    "type": "subflow",
    "id": "a1cb3587.05ca68",
    "digest": "a134cc329879f332cee128ddb73dee3f7fbc5b7fe457d6145cc30f24ac6ddeb1"
  },
  {
    "filename": "global-subflow-versioning.flow",
    "group": "subflows",
    "type": "subflow",
    "id": "cfce5daf.36867",
    "digest": "8e055c4c70b0355e9683daaf978db72bcf25d821436eb9bd683a0d021405d7e3"
  },
  {
    "filename": "global-subflow-consul-services.flow",
    "group": "subflows",
    "type": "subflow",
    "id": "a6b9a798.463af8",
    "digest": "575f713f7b63c48be5d9d024da09a0587a6fc26828bef261efb3e6dd63490098"
  },
  {
    "filename": "global-subflow-async-events.flow",
    "group": "subflows",
    "type": "subflow",
    "id": "78d32ab1.ca8c04",
    "digest": "343c006c092247b5891e92e058d46443a68d0bc076866ea6e5fd3a322382555b"
  },
  {
    "filename": "global-subflow-routing.flow",
    "group": "subflows",
    "type": "subflow",
    "id": "9e3e25e6.0e0308",
    "digest": "e7099b7e6adef29a5df47f5811ed9f9412ada806c476dd4e6ff2be1260315b48"
  },
  {
    "filename": "global-subflow-grafana.flow",
    "group": "subflows",
    "type": "subflow",
    "id": "811542a8.5ac78",
    "digest": "33701d62873f10c1fb37ee50eb40c385c1ae65090e219d8018c2864319c91583"
  },
  {
    "filename": "global-subflow-vault-read.flow",
    "group": "subflows",
    "type": "subflow",
    "id": "d8491633.ad8e18",
    "digest": "745a3439953f6f52a9b05942343044574bf4367b33191786e10f1c7b30e04052"
  },
  {
    "filename": "global-subflow-gogs.flow",
    "group": "subflows",
    "type": "subflow",
    "id": "cc909323.1bc6b",
    "digest": "40be2f67e84f150661bdc6413fb68bfbdc15ad870a902dc71cb92db0106edb21"
  },
  {
    "filename": "global-configs-websocket-client.flow",
    "group": "configs",
    "type": "websocket-client",
    "id": "692f4929.e69968",
    "digest": "15229e70560a8729afc3524ed76285f8392acdf58c01225bfd192b1d2fb42b89"
  },
  {
    "filename": "global-configs-ui-base.flow",
    "group": "configs",
    "type": "ui_base",
    "id": "d8eec1bf.7984a",
    "digest": "a9ebf1612fa066674d364ff6e2b39e96412748eb7d09ae3364335d505e9127dc"
  },
  {
    "filename": "global-configs-ui-tab-tab-1.flow",
    "group": "configs",
    "type": "ui_tab",
    "id": "76aa82b9.d5030c",
    "digest": "605dc739362347ff2672c33ccfd9ed908fcce087fc70248b489f61b5ca61d994"
  },
  {
    "filename": "global-configs-ui-group-col1.flow",
    "group": "configs",
    "type": "ui_group",
    "id": "813d2a41.9c0228",
    "digest": "5bc204bd560fb38dced5861aab22449de0f919ff4d1826914f82174b1c51a329"
  },
  {
    "filename": "global-configs-ui-tab-tab-2.flow",
    "group": "configs",
    "type": "ui_tab",
    "id": "fe3cec98.8cee2",
    "digest": "988d5d50c4cc361461210fdb5c2714c9dc5ca996857d647396edbdfa5adcc79a"
  },
  {
    "filename": "global-configs-ui-group-default.flow",
    "group": "configs",
    "type": "ui_group",
    "id": "316384a.3cbc27c",
    "digest": "c00e73e1078124ccc24f0c1f5cc842f49998946bb2cf0ecb0dc8a3055b03e8f0"
  },
  {
    "filename": "global-configs-ui-group-default.flow",
    "group": "configs",
    "type": "ui_group",
    "id": "ccd5aecb.3b7e9",
    "digest": "7d0e79226e85b92ced4a613d8ed2f3dd5aa0394b6bf56780de6943ef27ac039b"
  },
  {
    "filename": "global-configs-websocket-listener.flow",
    "group": "configs",
    "type": "websocket-listener",
    "id": "7138d6b8.dc7bc8",
    "digest": "296e44cdb45292c2e00e6e7be3b3683c023b8e650a7ff44a10d7fa8d91b620a7"
  },
  {
    "filename": "global-configs-remote-server-elasticsearch.flow",
    "group": "configs",
    "type": "remote-server",
    "id": "c636bc4a.a28ab",
    "digest": "b1c8452229866acb4b3b730166bb0e98e3c23ce9f253d96c257b46cf2a83e8fc"
  },
  {
    "filename": "global-configs-tls-config-consul.flow",
    "group": "configs",
    "type": "tls-config",
    "id": "c792be07.29d4",
    "digest": "c4609ed1517f724e2448448060769b353571568799a3002f1503129a68f3f6f5"
  },
  {
    "filename": "global-configs-selenium-server.flow",
    "group": "configs",
    "type": "selenium-server",
    "id": "a0ccc8b4.4e82d8",
    "digest": "63ba4466509c36433bd212c9d3f373ff85ccb28486678e203b3e9f760fcae66d"
  },
  {
    "filename": "global-configs-websocket-client.flow",
    "group": "configs",
    "type": "websocket-client",
    "id": "5d04b4f1.4b454c",
    "digest": "3ccfcce689bf6be501ac8ba75e27c975bfc3514c858954419c587382e9374d2e"
  },
  {
    "filename": "global-configs-tls-config-vault.flow",
    "group": "configs",
    "type": "tls-config",
    "id": "94073df5.ac54f",
    "digest": "a92ec7ded3bc1ea948fd51cb4f0519ff50542948c88ce0706e51450829aeffb1"
  }
]