[
  {
    "filename": "nr-tab-approles.flow",
    "group": "flows",
    "type": "tab",
    "id": "fa73c3ef.b7fc6",
    "digest": "156fa95b99a27fc65484e6f688b0ffa7d2d130f45c1d388c31deaa42c8c36d97"
  },
  {
    "filename": "nr-tab-canzea.flow",
    "group": "flows",
    "type": "tab",
    "id": "4275d276.b9e11c",
    "digest": "bd27d2ed260d4a1b1168dd659cbcaa02e07f12440d9da9f00d3e03e21d7a4a24"
  },
  {
    "filename": "nr-tab-chatbot.flow",
    "group": "flows",
    "type": "tab",
    "id": "f5a14ce3.96911",
    "digest": "48745c24b289301fb5bb9d5dc1b6706eb1a32539e49a9d33b4c45951227bd8f1"
  },
  {
    "filename": "nr-tab-components.flow",
    "group": "flows",
    "type": "tab",
    "id": "37c1489.b81d4b8",
    "digest": "18710ff5a723a9d4acf4fec4e05abd77bd4278a31cdc55cc812800d37eb0054a"
  },
  {
    "filename": "nr-tab-environments.flow",
    "group": "flows",
    "type": "tab",
    "id": "f239b4da.afc098",
    "digest": "9470f8ec6bf2d639a78a5953bafdc16902da26389df3f6cb1d918b1ae5672582"
  },
  {
    "filename": "nr-tab-export-flows.flow",
    "group": "flows",
    "type": "tab",
    "id": "e2396747.b60fd8",
    "digest": "335b873a4627b4d1ab385b21ba40b3c82de9ba39acdabc9585d296c75c5d2460"
  },
  {
    "filename": "nr-tab-flow-1.flow",
    "group": "flows",
    "type": "tab",
    "id": "c4cdeb9d.632568",
    "digest": "3d8794522385a9aeab10fb3a9c3ec955780965d577f9d2df08eaaa00e27634f2"
  },
  {
    "filename": "nr-tab-go-cd.flow",
    "group": "flows",
    "type": "tab",
    "id": "2ef22b2c.fd42e4",
    "digest": "8c1f030a1823b4d365de98d9bee8fba28e99937b5daf552821d0980dd09524b0"
  },
  {
    "filename": "nr-tab-picture.flow",
    "group": "flows",
    "type": "tab",
    "id": "eb8a62e8.5c339",
    "digest": "0f139f6998fc7a1594f43b4a56a07ff397a8a90e27d5923501b198782f5be0fb"
  },
  {
    "filename": "nr-tab-pipelines-2.flow",
    "group": "flows",
    "type": "tab",
    "id": "8e614b75.d0e688",
    "digest": "25630d2071fa76ab2a6725256191e62b4eb2ce8b356e16b49e2cd8e5e73aa7c0"
  },
  {
    "filename": "nr-tab-pipelines-3.flow",
    "group": "flows",
    "type": "tab",
    "id": "ec74644e.eaec38",
    "digest": "f2def3e78ca400a298a301ff74ba30229accc3668f42af9ca1ab054cc9d628d4"
  },
  {
    "filename": "nr-tab-pipelines.flow",
    "group": "flows",
    "type": "tab",
    "id": "2fd42bd2.7789d4",
    "digest": "c4ae9afc259438e9690a024553755749719fd1749a7d3692c9b20ad0c95aa558"
  },
  {
    "filename": "nr-tab-play-area.flow",
    "group": "flows",
    "type": "tab",
    "id": "d5f43607.1b40f8",
    "digest": "2e32ad3de91b08fed531589c23008008dd67632b0c961e2658a420b4686bcb52"
  },
  {
    "filename": "nr-tab-policies.flow",
    "group": "flows",
    "type": "tab",
    "id": "49ef0b6f.1b1534",
    "digest": "a88ffcd0eaf9b912ab0a8f95c5b00688fc63a4a0b5174969df7693082a79dace"
  },
  {
    "filename": "nr-tab-rocket-chat.flow",
    "group": "flows",
    "type": "tab",
    "id": "556ea10d.a8f64",
    "digest": "b933dd3c817eaa05cc1f3107ccdcb8cd952d0d065e9924da98798fdcd58d3f2b"
  },
  {
    "filename": "nr-tab-services.flow",
    "group": "flows",
    "type": "tab",
    "id": "673be612.65c0e8",
    "digest": "561e61adf09905c913b7e9446c4888a52be21cd9dad9d08ce6b8e2ee8d5b3823"
  },
  {
    "filename": "nr-tab-slack-simulator.flow",
    "group": "flows",
    "type": "tab",
    "id": "949d21ab.914",
    "digest": "adcb07599001b6055737c7c5085c1663829acf2b420ddc58dab7c2fd9c6508d8"
  },
  {
    "filename": "nr-tab-vars.flow",
    "group": "flows",
    "type": "tab",
    "id": "30f41b37.f56574",
    "digest": "31991599e4659948d8c35821168903204c1a7cf6fff1ff45ea722ce648d77b36"
  },
  {
    "filename": "nr-tab-vault-get.flow",
    "group": "flows",
    "type": "tab",
    "id": "f2e171af.06e6",
    "digest": "48f6aa13f0b50ffb9c3983fdb45abf02d519180dd658f353442702a3bdee1c61"
  },
  {
    "filename": "nr-tab-versioning.flow",
    "group": "flows",
    "type": "tab",
    "id": "748463e4.6a858c",
    "digest": "ae55e84c50c76d26c009792f23bba29b42dd4d6d8eb071de7a2d7af301618ae6"
  },
  {
    "filename": "nr-tab-go-cd-tester.flow",
    "group": "flows",
    "type": "tab",
    "id": "bc9e7709.2b32a8",
    "digest": "78e10cacda238fd5a12a8279b36204ccbd7ed1c3b2b994cfa8c07e587602697c"
  },
  {
    "filename": "nr-tab-webhooks.flow",
    "group": "flows",
    "type": "tab",
    "id": "c6d6dfa5.18623",
    "digest": "56d00479916e88654a1e6e68d810b2a0a24affa240e4211878fea80a411d8d5f"
  },
  {
    "filename": "nr-tab-id-global.flow",
    "group": "flows",
    "type": "tab",
    "id": "global",
    "digest": "aa3c9689957528e0d91fceb753a9a3a089389d4cbf8860ed686c115bcb589cc9"
  },
  {
    "filename": "global-subflow-rocket-chat-send-message.flow",
    "group": "subflows",
    "type": "subflow",
    "id": "459ae946.b59388",
    "digest": "b977fcb78062b114bcc8195eb66374e960917d3e5372028aacb8e9148b3cb374"
  },
  {
    "filename": "global-subflow-rocket-chat-channels.flow",
    "group": "subflows",
    "type": "subflow",
    "id": "4fc6c84.9271b38",
    "digest": "7efb62c2c7a54ed0974fa01aef574f8ab60bfe790ecc01b837ae1af91b3cb2dc"
  },
  {
    "filename": "global-subflow-rocket-chat-users.flow",
    "group": "subflows",
    "type": "subflow",
    "id": "9ed8bb48.699498",
    "digest": "4a126285a14768aeb9b456c35277edc8d66ae52675cc3d0515f49b26e7ae8af9"
  },
  {
    "filename": "global-subflow-rocket-chat-groups.flow",
    "group": "subflows",
    "type": "subflow",
    "id": "3206ac46.8fc5e4",
    "digest": "392462de93139c92ee07cb72732b89bd3bcd9ca1176a19395e357801e4f2f1ea"
  },
  {
    "filename": "global-subflow-vault.flow",
    "group": "subflows",
    "type": "subflow",
    "id": "fcb37b93.778448",
    "digest": "3e83f37028794f64d2bf4b6ff240cd21322b3f4b99745cc28f17fa47a760397f"
  },
  {
    "filename": "global-subflow-exports-nodered.flow",
    "group": "subflows",
    "type": "subflow",
    "id": "9223e50a.f92628",
    "digest": "551202c7177e7a2bf007e8fa212fdbff13cf8aef5fb3fa8a5e62e8ffa6a6521c"
  },
  {
    "filename": "global-subflow-components.flow",
    "group": "subflows",
    "type": "subflow",
    "id": "ea5122d7.76e78",
    "digest": "0048a5fdbf82f2a67bd76a68246b165e97f5723da036ac60b3e6294a89abf7a4"
  },
  {
    "filename": "global-subflow-go-cd-pipelines.flow",
    "group": "subflows",
    "type": "subflow",
    "id": "a1cb3587.05ca68",
    "digest": "9eb960a69da90aecb711982cb4ce542cc389cf91def717bd20647422602744e1"
  },
  {
    "filename": "global-subflow-versioning.flow",
    "group": "subflows",
    "type": "subflow",
    "id": "cfce5daf.36867",
    "digest": "8e055c4c70b0355e9683daaf978db72bcf25d821436eb9bd683a0d021405d7e3"
  },
  {
    "filename": "global-subflow-consul-services.flow",
    "group": "subflows",
    "type": "subflow",
    "id": "a6b9a798.463af8",
    "digest": "aa6ff1f7de58502b6333821aba394c789098fa3214f97499a932f8a03e0e6718"
  },
  {
    "filename": "global-subflow-async-events.flow",
    "group": "subflows",
    "type": "subflow",
    "id": "78d32ab1.ca8c04",
    "digest": "8c907bc85e7066ad2cc80c3cdfba3e3f9da97df7922edba28d200b181ac150bb"
  },
  {
    "filename": "global-subflow-routing.flow",
    "group": "subflows",
    "type": "subflow",
    "id": "9e3e25e6.0e0308",
    "digest": "3545a2048f539e35a424c19f82f86a2b1067311bb565d40a330bbfc00306eab7"
  },
  {
    "filename": "global-subflow-grafana.flow",
    "group": "subflows",
    "type": "subflow",
    "id": "811542a8.5ac78",
    "digest": "33701d62873f10c1fb37ee50eb40c385c1ae65090e219d8018c2864319c91583"
  },
  {
    "filename": "global-subflow-vault-read.flow",
    "group": "subflows",
    "type": "subflow",
    "id": "d8491633.ad8e18",
    "digest": "745a3439953f6f52a9b05942343044574bf4367b33191786e10f1c7b30e04052"
  },
  {
    "filename": "global-subflow-gogs.flow",
    "group": "subflows",
    "type": "subflow",
    "id": "cc909323.1bc6b",
    "digest": "40be2f67e84f150661bdc6413fb68bfbdc15ad870a902dc71cb92db0106edb21"
  },
  {
    "filename": "global-subflow-kibana.flow",
    "group": "subflows",
    "type": "subflow",
    "id": "15591bdf.bd0854",
    "digest": "9ec6e317a1cc8bd2de47bb20761d1ba6a1cab13f8ea1852d2ff0420b5608cb06"
  },
  {
    "filename": "global-subflow-go-cd.flow",
    "group": "subflows",
    "type": "subflow",
    "id": "357b5975.8ef876",
    "digest": "0256d55b87ab18678264a65f2356ee1af317d934e67811f01821367b4ab9d44c"
  },
  {
    "filename": "global-configs-websocket-client.flow",
    "group": "configs",
    "type": "websocket-client",
    "id": "692f4929.e69968",
    "digest": "15229e70560a8729afc3524ed76285f8392acdf58c01225bfd192b1d2fb42b89"
  },
  {
    "filename": "global-configs-ui-base.flow",
    "group": "configs",
    "type": "ui_base",
    "id": "d8eec1bf.7984a",
    "digest": "a9ebf1612fa066674d364ff6e2b39e96412748eb7d09ae3364335d505e9127dc"
  },
  {
    "filename": "global-configs-ui-tab-tab-1.flow",
    "group": "configs",
    "type": "ui_tab",
    "id": "76aa82b9.d5030c",
    "digest": "605dc739362347ff2672c33ccfd9ed908fcce087fc70248b489f61b5ca61d994"
  },
  {
    "filename": "global-configs-ui-group-col1.flow",
    "group": "configs",
    "type": "ui_group",
    "id": "813d2a41.9c0228",
    "digest": "fc9d60ce80ec27699a3b3d44daddbf4fddf183085460d6b995f8e123e7d440e4"
  },
  {
    "filename": "global-configs-ui-tab-tab-2.flow",
    "group": "configs",
    "type": "ui_tab",
    "id": "fe3cec98.8cee2",
    "digest": "988d5d50c4cc361461210fdb5c2714c9dc5ca996857d647396edbdfa5adcc79a"
  },
  {
    "filename": "global-configs-ui-group-default.flow",
    "group": "configs",
    "type": "ui_group",
    "id": "316384a.3cbc27c",
    "digest": "4136371fa8352969e0ee6f20f571e78000d28cc263c15fde70d5724017615709"
  },
  {
    "filename": "global-configs-ui-group-default.flow",
    "group": "configs",
    "type": "ui_group",
    "id": "ccd5aecb.3b7e9",
    "digest": "6f31104090f98102f38127bc39d0caef85f2dc2ac751ee15979e9088d8848406"
  },
  {
    "filename": "global-configs-websocket-listener.flow",
    "group": "configs",
    "type": "websocket-listener",
    "id": "7138d6b8.dc7bc8",
    "digest": "296e44cdb45292c2e00e6e7be3b3683c023b8e650a7ff44a10d7fa8d91b620a7"
  },
  {
    "filename": "global-configs-remote-server-elasticsearch.flow",
    "group": "configs",
    "type": "remote-server",
    "id": "c636bc4a.a28ab",
    "digest": "48c10532476ccb051ba5ac653ae7009b0ee9dc06abce01095eb21cbe01651532"
  },
  {
    "filename": "global-configs-tls-config-consul.flow",
    "group": "configs",
    "type": "tls-config",
    "id": "c792be07.29d4",
    "digest": "99c6be266605a9d85300f722a2c5cca583947dbec3d4e395cf2c44812f866b93"
  },
  {
    "filename": "global-configs-selenium-server.flow",
    "group": "configs",
    "type": "selenium-server",
    "id": "a0ccc8b4.4e82d8",
    "digest": "63ba4466509c36433bd212c9d3f373ff85ccb28486678e203b3e9f760fcae66d"
  },
  {
    "filename": "global-configs-websocket-client.flow",
    "group": "configs",
    "type": "websocket-client",
    "id": "5d04b4f1.4b454c",
    "digest": "3ccfcce689bf6be501ac8ba75e27c975bfc3514c858954419c587382e9374d2e"
  },
  {
    "filename": "global-configs-tls-config-vault.flow",
    "group": "configs",
    "type": "tls-config",
    "id": "94073df5.ac54f",
    "digest": "6535ff5d200ab2814d3f543680ad42b316300ecb59003d7e165e4649f689aea3"
  }
]