[
  {
    "filename": "nr-tab-approles.flow",
    "group": "flows",
    "type": "tab",
    "id": "3b6d1e77.7ad522",
    "digest": "ebe3e2adb7ce24889f2c5ec10cd40f68f7675d45e34fe986d4e587735f5391ce"
  },
  {
    "filename": "nr-tab-canzea.flow",
    "group": "flows",
    "type": "tab",
    "id": "d35b96b5.3742c8",
    "digest": "cc42345ef14f3d315fe8837dfc90b7f7496b45b9e30da9ea4f933e6d5f646a5a"
  },
  {
    "filename": "nr-tab-chatbot.flow",
    "group": "flows",
    "type": "tab",
    "id": "bdc03c61.d036",
    "digest": "92335d7eb84b02cd76cfbc5783fbf7f8f1c879d7c6667438400a10676ea56c7e"
  },
  {
    "filename": "nr-tab-components.flow",
    "group": "flows",
    "type": "tab",
    "id": "55132c36.140734",
    "digest": "9957324b97d96c53c03d1b867f263e830419726a2ceaa0da0812292d2114da7b"
  },
  {
    "filename": "nr-tab-environments.flow",
    "group": "flows",
    "type": "tab",
    "id": "64f19e08.6f157",
    "digest": "6c0a2c3405fe8bed813f343304cc11f06ce0f12bfc5160a9d803c3eb49de6d1c"
  },
  {
    "filename": "nr-tab-export-flows.flow",
    "group": "flows",
    "type": "tab",
    "id": "2baabad0.11ebc6",
    "digest": "d778ff466a8c2643f3371d2f16d5f1a06bd488efb2dee32fb51c8b880f74c959"
  },
  {
    "filename": "nr-tab-flow-1.flow",
    "group": "flows",
    "type": "tab",
    "id": "efd9a905.9f7a98",
    "digest": "e2dfc62e9c8985bde7eab761b19314f2c86388a4c8f6fc36af65691cee172b72"
  },
  {
    "filename": "nr-tab-go-cd-tester.flow",
    "group": "flows",
    "type": "tab",
    "id": "27dffb2.8ac6f04",
    "digest": "17c1aed8ce584dce9f3acf44c890a74fcd5e3c099e0a3c2031595e98feef0fce"
  },
  {
    "filename": "nr-tab-go-cd.flow",
    "group": "flows",
    "type": "tab",
    "id": "3017f1a4.3b617e",
    "digest": "80920120fc2a1c559a7917a499b7e22074ecccaafff5659251e2bedca51d5cc3"
  },
  {
    "filename": "nr-tab-picture.flow",
    "group": "flows",
    "type": "tab",
    "id": "d071dcb6.9444f",
    "digest": "bd370e235a3da1a34e4bb3bd1ee25f65bdaa239d3bd4961acc188efcef06b700"
  },
  {
    "filename": "nr-tab-pipelines-2.flow",
    "group": "flows",
    "type": "tab",
    "id": "f920b3a2.7dcd9",
    "digest": "15f8a092518e69234f2790a113f6522ab6174caef9f0cdd38afac8b7d5fe92bb"
  },
  {
    "filename": "nr-tab-pipelines-3.flow",
    "group": "flows",
    "type": "tab",
    "id": "347fec5f.df3384",
    "digest": "74aa2efae42fda6849e97f24907907f26e26582510a1a7536df85fbd53d52dac"
  },
  {
    "filename": "nr-tab-pipelines.flow",
    "group": "flows",
    "type": "tab",
    "id": "c4bbae0b.4e6b4",
    "digest": "6a55c9685c8a4be91c712373c531159b9731f762f84572da548aaa73502f9143"
  },
  {
    "filename": "nr-tab-play-area.flow",
    "group": "flows",
    "type": "tab",
    "id": "6b0f2d3d.2e5cf4",
    "digest": "e231f9a063e78a58c0a05f08901b308ec0742b50304251eb144ffb2c0ed078ee"
  },
  {
    "filename": "nr-tab-policies.flow",
    "group": "flows",
    "type": "tab",
    "id": "c9568603.1888d8",
    "digest": "0209865219b487e4eed94e8d38a10fda0364ff1a8c6f79c3319f5913e6a09b04"
  },
  {
    "filename": "nr-tab-rocket-chat.flow",
    "group": "flows",
    "type": "tab",
    "id": "49de166f.6572c8",
    "digest": "e8334cd1badf8a28cf660c96212eb699bbe79ffc9e7654849263c111180a599e"
  },
  {
    "filename": "nr-tab-services.flow",
    "group": "flows",
    "type": "tab",
    "id": "ef33c851.31f538",
    "digest": "cc37a65e3347498ebd6af717cdbac5b8c1356ffe99f7816069d207e6dee71556"
  },
  {
    "filename": "nr-tab-slack-simulator.flow",
    "group": "flows",
    "type": "tab",
    "id": "f4976fe6.e0f42",
    "digest": "459df10dc8e6842fb6c8b88ca6916a0828bd2b1c6299fa9aa190b8a30fa5a636"
  },
  {
    "filename": "nr-tab-vars.flow",
    "group": "flows",
    "type": "tab",
    "id": "5b543b75.ad4564",
    "digest": "151346f2e84c4f28d70e07c439ea4b7efe7c4368d5f39ef8834cd8cfd53bc1d9"
  },
  {
    "filename": "nr-tab-vault-get.flow",
    "group": "flows",
    "type": "tab",
    "id": "fa6cdf48.0d3b5",
    "digest": "604daf966a6be98f96611f43dc8e257ebb1d2a52aaa6bc5d27e78e20ed14c5c0"
  },
  {
    "filename": "nr-tab-versioning.flow",
    "group": "flows",
    "type": "tab",
    "id": "53ac20a.08c3ae",
    "digest": "d9df29841f444bf2fbbad81f4bfb8f5eadeb88d8c0887f235a56452cb7a384b9"
  },
  {
    "filename": "nr-tab-webhooks.flow",
    "group": "flows",
    "type": "tab",
    "id": "c958ac3e.98809",
    "digest": "625226b0a1f1e87bb9b054c62105528935dadc9ce2ddc713445abe091c93fa1a"
  },
  {
    "filename": "nr-tab-id-global.flow",
    "group": "flows",
    "type": "tab",
    "id": "global",
    "digest": "e43a8ed9e7a7c5eda229adccc26d1111b62fbde2cc4791e15d91fe20886c6f99"
  },
  {
    "filename": "global-subflow-rocket-chat-send-message.flow",
    "group": "subflows",
    "type": "subflow",
    "id": "459ae946.b59388",
    "digest": "b977fcb78062b114bcc8195eb66374e960917d3e5372028aacb8e9148b3cb374"
  },
  {
    "filename": "global-subflow-rocket-chat-channels.flow",
    "group": "subflows",
    "type": "subflow",
    "id": "4fc6c84.9271b38",
    "digest": "7efb62c2c7a54ed0974fa01aef574f8ab60bfe790ecc01b837ae1af91b3cb2dc"
  },
  {
    "filename": "global-subflow-rocket-chat-users.flow",
    "group": "subflows",
    "type": "subflow",
    "id": "9ed8bb48.699498",
    "digest": "4a126285a14768aeb9b456c35277edc8d66ae52675cc3d0515f49b26e7ae8af9"
  },
  {
    "filename": "global-subflow-rocket-chat-groups.flow",
    "group": "subflows",
    "type": "subflow",
    "id": "3206ac46.8fc5e4",
    "digest": "392462de93139c92ee07cb72732b89bd3bcd9ca1176a19395e357801e4f2f1ea"
  },
  {
    "filename": "global-subflow-vault.flow",
    "group": "subflows",
    "type": "subflow",
    "id": "fcb37b93.778448",
    "digest": "d083488cfeacffc6e299eac2dd94571943fbbdf0fecf80dfef8b5f3348eb14f3"
  },
  {
    "filename": "global-subflow-exports-nodered.flow",
    "group": "subflows",
    "type": "subflow",
    "id": "9223e50a.f92628",
    "digest": "551202c7177e7a2bf007e8fa212fdbff13cf8aef5fb3fa8a5e62e8ffa6a6521c"
  },
  {
    "filename": "global-subflow-components.flow",
    "group": "subflows",
    "type": "subflow",
    "id": "ea5122d7.76e78",
    "digest": "64c28a6d3dda639aba01bb0e7c214c4e95fa4ac092f746c463471237c569918a"
  },
  {
    "filename": "global-subflow-go-cd-pipelines-v1.flow",
    "group": "subflows",
    "type": "subflow",
    "id": "a1cb3587.05ca68",
    "digest": "97ffa58af61d918c16b0ae0167bd244304bbf8e20067a7c1e7c2fb6849259465"
  },
  {
    "filename": "global-subflow-versioning.flow",
    "group": "subflows",
    "type": "subflow",
    "id": "cfce5daf.36867",
    "digest": "8e055c4c70b0355e9683daaf978db72bcf25d821436eb9bd683a0d021405d7e3"
  },
  {
    "filename": "global-subflow-consul-services.flow",
    "group": "subflows",
    "type": "subflow",
    "id": "a6b9a798.463af8",
    "digest": "4e58451154f88cb0daa075baae8609efcd3f702c4bc3c0702a28bf525f65a4a2"
  },
  {
    "filename": "global-subflow-async-events.flow",
    "group": "subflows",
    "type": "subflow",
    "id": "78d32ab1.ca8c04",
    "digest": "d4968a36e22c8b80030ee69d408288b9af74880f8f49bb04771c9f8f5ab7afd5"
  },
  {
    "filename": "global-subflow-routing.flow",
    "group": "subflows",
    "type": "subflow",
    "id": "9e3e25e6.0e0308",
    "digest": "33beadb465e86636087e765af0872974318c9b74ade6c6783b580da5754f9e4b"
  },
  {
    "filename": "global-subflow-grafana.flow",
    "group": "subflows",
    "type": "subflow",
    "id": "811542a8.5ac78",
    "digest": "3c2a4ff4a72961d04739afec8d8a9c2cb14c1ff54022e65cea28bebd89c7c401"
  },
  {
    "filename": "global-subflow-vault-read.flow",
    "group": "subflows",
    "type": "subflow",
    "id": "d8491633.ad8e18",
    "digest": "745a3439953f6f52a9b05942343044574bf4367b33191786e10f1c7b30e04052"
  },
  {
    "filename": "global-subflow-gogs.flow",
    "group": "subflows",
    "type": "subflow",
    "id": "cc909323.1bc6b",
    "digest": "53fa3aefc1e1c853a8cfd8b4733e8f23422a3c5276fdc7eb91a0e0a4f32f7a67"
  },
  {
    "filename": "global-subflow-kibana.flow",
    "group": "subflows",
    "type": "subflow",
    "id": "15591bdf.bd0854",
    "digest": "9ec6e317a1cc8bd2de47bb20761d1ba6a1cab13f8ea1852d2ff0420b5608cb06"
  },
  {
    "filename": "global-subflow-go-cd.flow",
    "group": "subflows",
    "type": "subflow",
    "id": "357b5975.8ef876",
    "digest": "0256d55b87ab18678264a65f2356ee1af317d934e67811f01821367b4ab9d44c"
  },
  {
    "filename": "global-subflow-go-cd-pipelines.flow",
    "group": "subflows",
    "type": "subflow",
    "id": "109c70f5.f87c1f",
    "digest": "9cbd8b9d2fb904f5f01f29f9329c806d4ce770484ab85bc0006192ed4f1dcc31"
  },
  {
    "filename": "global-configs-websocket-client.flow",
    "group": "configs",
    "type": "websocket-client",
    "id": "692f4929.e69968",
    "digest": "15229e70560a8729afc3524ed76285f8392acdf58c01225bfd192b1d2fb42b89"
  },
  {
    "filename": "global-configs-ui-base.flow",
    "group": "configs",
    "type": "ui_base",
    "id": "d8eec1bf.7984a",
    "digest": "a9ebf1612fa066674d364ff6e2b39e96412748eb7d09ae3364335d505e9127dc"
  },
  {
    "filename": "global-configs-ui-tab-tab-1.flow",
    "group": "configs",
    "type": "ui_tab",
    "id": "76aa82b9.d5030c",
    "digest": "605dc739362347ff2672c33ccfd9ed908fcce087fc70248b489f61b5ca61d994"
  },
  {
    "filename": "global-configs-ui-group-col1.flow",
    "group": "configs",
    "type": "ui_group",
    "id": "813d2a41.9c0228",
    "digest": "fc9d60ce80ec27699a3b3d44daddbf4fddf183085460d6b995f8e123e7d440e4"
  },
  {
    "filename": "global-configs-ui-tab-tab-2.flow",
    "group": "configs",
    "type": "ui_tab",
    "id": "fe3cec98.8cee2",
    "digest": "988d5d50c4cc361461210fdb5c2714c9dc5ca996857d647396edbdfa5adcc79a"
  },
  {
    "filename": "global-configs-ui-group-default.flow",
    "group": "configs",
    "type": "ui_group",
    "id": "316384a.3cbc27c",
    "digest": "4136371fa8352969e0ee6f20f571e78000d28cc263c15fde70d5724017615709"
  },
  {
    "filename": "global-configs-ui-group-default.flow",
    "group": "configs",
    "type": "ui_group",
    "id": "ccd5aecb.3b7e9",
    "digest": "6f31104090f98102f38127bc39d0caef85f2dc2ac751ee15979e9088d8848406"
  },
  {
    "filename": "global-configs-websocket-listener.flow",
    "group": "configs",
    "type": "websocket-listener",
    "id": "7138d6b8.dc7bc8",
    "digest": "296e44cdb45292c2e00e6e7be3b3683c023b8e650a7ff44a10d7fa8d91b620a7"
  },
  {
    "filename": "global-configs-remote-server-elasticsearch.flow",
    "group": "configs",
    "type": "remote-server",
    "id": "c636bc4a.a28ab",
    "digest": "48c10532476ccb051ba5ac653ae7009b0ee9dc06abce01095eb21cbe01651532"
  },
  {
    "filename": "global-configs-tls-config-consul.flow",
    "group": "configs",
    "type": "tls-config",
    "id": "c792be07.29d4",
    "digest": "00dd0e7f12a2459be68908811ae2a9ff856e6ca946cab21200d7f753a3a1baf3"
  },
  {
    "filename": "global-configs-selenium-server.flow",
    "group": "configs",
    "type": "selenium-server",
    "id": "a0ccc8b4.4e82d8",
    "digest": "63ba4466509c36433bd212c9d3f373ff85ccb28486678e203b3e9f760fcae66d"
  },
  {
    "filename": "global-configs-websocket-client.flow",
    "group": "configs",
    "type": "websocket-client",
    "id": "5d04b4f1.4b454c",
    "digest": "3ccfcce689bf6be501ac8ba75e27c975bfc3514c858954419c587382e9374d2e"
  },
  {
    "filename": "global-configs-tls-config-vault.flow",
    "group": "configs",
    "type": "tls-config",
    "id": "94073df5.ac54f",
    "digest": "a92ec7ded3bc1ea948fd51cb4f0519ff50542948c88ce0706e51450829aeffb1"
  }
]