[
  {
    "filename": "nr-tab-canzea.flow",
    "group": "flows",
    "type": "tab",
    "id": "76cfa968.cbbb28",
    "digest": "367fabcb7e773980b558a58cafb1d3932fd6673a4cf6b2da3b0b1d8bb3ee8b53"
  },
  {
    "filename": "nr-tab-rocket-chat.flow",
    "group": "flows",
    "type": "tab",
    "id": "d0525181.7a4c4",
    "digest": "43760e4c4d63c62b2a06a0bdea4a8921f0999716d1f6935fb06970e93f5cc179"
  },
  {
    "filename": "nr-tab-approles.flow",
    "group": "flows",
    "type": "tab",
    "id": "bc7cfb73.94e528",
    "digest": "9b6acb0b59dcdcbb11bace93d29aee99cd689b6fd8b6a31b650baca7145733ba"
  },
  {
    "filename": "nr-tab-services.flow",
    "group": "flows",
    "type": "tab",
    "id": "9d8ac333.09944",
    "digest": "12af50c7a940e2e579a7b0765e4f74f6e0027acd1610295097393516faed9f83"
  },
  {
    "filename": "nr-tab-policies.flow",
    "group": "flows",
    "type": "tab",
    "id": "2e34177c.35c058",
    "digest": "afd1368db76f9ff72d76200356be6d4ce48a6fc53cf5259b5b1ba08b3d007b4f"
  },
  {
    "filename": "nr-tab-versioning.flow",
    "group": "flows",
    "type": "tab",
    "id": "d9193ae7.372738",
    "digest": "bb263aa61e985c7e72d05c8cb60a10428e7e3cdd55fff7c62a14052c02591d9f"
  },
  {
    "filename": "nr-tab-go-cd.flow",
    "group": "flows",
    "type": "tab",
    "id": "3a9c721.1ddd58e",
    "digest": "85c96a49ef8ed638fe82d029113370e533052dc6dedc92281c75ba3d20780515"
  },
  {
    "filename": "nr-tab-vault-get.flow",
    "group": "flows",
    "type": "tab",
    "id": "301611d3.26e11e",
    "digest": "e1a4cd10720e27ce23a7eac68f0babb66803c3e169d760b1a09b5c2edfbf5b97"
  },
  {
    "filename": "nr-tab-export-flows.flow",
    "group": "flows",
    "type": "tab",
    "id": "3f6316bb.62985a",
    "digest": "19ebb0b2de9d0e1b7b101a3e96da34f24b9f90794487187bcb08825ec72fe370"
  },
  {
    "filename": "nr-tab-pipelines-2.flow",
    "group": "flows",
    "type": "tab",
    "id": "1c7638f9.ccfa17",
    "digest": "82392b803c80ba5e0af8004c02280f7d4269042abd58d974b856662c102df328"
  },
  {
    "filename": "nr-tab-components.flow",
    "group": "flows",
    "type": "tab",
    "id": "732de0.c85de22",
    "digest": "25f5e5f9362552b2194c374e6cfac29df735a5309d645b40620514628dfffd03"
  },
  {
    "filename": "nr-tab-flow-1.flow",
    "group": "flows",
    "type": "tab",
    "id": "f05f0613.4254b8",
    "digest": "c35c376c9c88f240afaa1cbcf6100c1ea59a36fcdf152f8a311105c1c24910ab"
  },
  {
    "filename": "nr-tab-environments.flow",
    "group": "flows",
    "type": "tab",
    "id": "ec33312a.bc957",
    "digest": "ff3cc830cf23a64c9c6868b775c57541f02b684c0b58bed1e07c30e4c32b6be1"
  },
  {
    "filename": "nr-tab-pipelines.flow",
    "group": "flows",
    "type": "tab",
    "id": "a6b8cfd.e13743",
    "digest": "c49d2107d8b26fb24987130b76abd30815d1179b00722f030720bd56d69b1274"
  },
  {
    "filename": "nr-tab-picture.flow",
    "group": "flows",
    "type": "tab",
    "id": "eea6315b.5cefb",
    "digest": "8275b8508749a70a6688d91753427fac00870e04a16da408a1b6b5a60ca1262c"
  },
  {
    "filename": "nr-tab-pipelines-3.flow",
    "group": "flows",
    "type": "tab",
    "id": "83e2f882.ce1268",
    "digest": "24d59904b786f4ff25286b22abc543f573fa73d2f5b8437ad9f6afb94ed84c20"
  },
  {
    "filename": "nr-tab-chatbot.flow",
    "group": "flows",
    "type": "tab",
    "id": "b088c6bc.306c48",
    "digest": "61255a37c755d7a74c5b1831d4e84b831f01919a029392e884d4b12b11f9ceed"
  },
  {
    "filename": "nr-tab-play-area.flow",
    "group": "flows",
    "type": "tab",
    "id": "e0bd5c7.39887a",
    "digest": "ae2288ee9c56939a1e303fc3219c667ce603ee90d38e8546f1b52fc051949d88"
  },
  {
    "filename": "nr-tab-id-global.flow",
    "group": "flows",
    "type": "tab",
    "id": "global",
    "digest": "bd1642073236cc9ba0cd21e1739c78661ff9dc7f9e010063252d010dcb25e43b"
  },
  {
    "filename": "global-subflow-rocket-chat-send-message.flow",
    "group": "subflows",
    "type": "subflow",
    "id": "459ae946.b59388",
    "digest": "60142de2b9f327707dbf76c0fb7a8fb086049e3fca5dbe24c61ea01b936ce4c7"
  },
  {
    "filename": "global-subflow-rocket-chat-channels.flow",
    "group": "subflows",
    "type": "subflow",
    "id": "4fc6c84.9271b38",
    "digest": "6a188baa9940007b8c42d782d1bb222115d9f2e765c73f202e19c22644bb7a46"
  },
  {
    "filename": "global-subflow-rocket-chat-users.flow",
    "group": "subflows",
    "type": "subflow",
    "id": "9ed8bb48.699498",
    "digest": "4a126285a14768aeb9b456c35277edc8d66ae52675cc3d0515f49b26e7ae8af9"
  },
  {
    "filename": "global-subflow-rocket-chat-groups.flow",
    "group": "subflows",
    "type": "subflow",
    "id": "3206ac46.8fc5e4",
    "digest": "392462de93139c92ee07cb72732b89bd3bcd9ca1176a19395e357801e4f2f1ea"
  },
  {
    "filename": "global-subflow-vault.flow",
    "group": "subflows",
    "type": "subflow",
    "id": "fcb37b93.778448",
    "digest": "67f23763f49acd1dd513eac664b3d398c11aad69eaff4f731dcf313d42865517"
  },
  {
    "filename": "global-subflow-exports-nodered.flow",
    "group": "subflows",
    "type": "subflow",
    "id": "9223e50a.f92628",
    "digest": "551202c7177e7a2bf007e8fa212fdbff13cf8aef5fb3fa8a5e62e8ffa6a6521c"
  },
  {
    "filename": "global-subflow-components.flow",
    "group": "subflows",
    "type": "subflow",
    "id": "ea5122d7.76e78",
    "digest": "dbfb71abe2fca93faf7999537ac5b94cd6b1fda4717d64607e9b014f0932075a"
  },
  {
    "filename": "global-subflow-go-cd-pipelines.flow",
    "group": "subflows",
    "type": "subflow",
    "id": "a1cb3587.05ca68",
    "digest": "c127e966439dd346b8f39f4644966d270b6495f13f628bafbd04435f76f5e42e"
  },
  {
    "filename": "global-subflow-versioning.flow",
    "group": "subflows",
    "type": "subflow",
    "id": "cfce5daf.36867",
    "digest": "8e055c4c70b0355e9683daaf978db72bcf25d821436eb9bd683a0d021405d7e3"
  },
  {
    "filename": "global-subflow-consul-services.flow",
    "group": "subflows",
    "type": "subflow",
    "id": "a6b9a798.463af8",
    "digest": "c1e27afbfe745576c391de6c02f025a3f19db5b56183dce139e0aa2db480c905"
  },
  {
    "filename": "global-subflow-async-events.flow",
    "group": "subflows",
    "type": "subflow",
    "id": "78d32ab1.ca8c04",
    "digest": "8e4dd9a7ef325346f0152a30180af3ca823a76e69e9d1ec0dd795b34fb247e48"
  },
  {
    "filename": "global-subflow-routing.flow",
    "group": "subflows",
    "type": "subflow",
    "id": "9e3e25e6.0e0308",
    "digest": "5134abcae4cfead70c1ba86673a7933acb234009f33f752b2af0fd697fcfc8ca"
  },
  {
    "filename": "global-subflow-grafana.flow",
    "group": "subflows",
    "type": "subflow",
    "id": "811542a8.5ac78",
    "digest": "e1c6da283300d1b36324f68925edbe17edf82426502cd12c8875c44f0c3d55d8"
  },
  {
    "filename": "global-subflow-vault-read.flow",
    "group": "subflows",
    "type": "subflow",
    "id": "d8491633.ad8e18",
    "digest": "933a12d68e3eb78a3aa44736f5bd9f2dbd0d13cf54374ff76acdd56cfbc6897e"
  },
  {
    "filename": "global-subflow-gogs.flow",
    "group": "subflows",
    "type": "subflow",
    "id": "cc909323.1bc6b",
    "digest": "fd09f922fd7876b3e723af40c481f2f1f196b629dc7d783c418cbd8b4de7365f"
  },
  {
    "filename": "global-configs-websocket-client.flow",
    "group": "configs",
    "type": "websocket-client",
    "id": "692f4929.e69968",
    "digest": "68adf4d3c855b7da1803c4d1c8669d6228744068fe1d72dcb8c108efc3c67d96"
  },
  {
    "filename": "global-configs-ui-base.flow",
    "group": "configs",
    "type": "ui_base",
    "id": "d8eec1bf.7984a",
    "digest": "a9ebf1612fa066674d364ff6e2b39e96412748eb7d09ae3364335d505e9127dc"
  },
  {
    "filename": "global-configs-ui-tab-tab-1.flow",
    "group": "configs",
    "type": "ui_tab",
    "id": "76aa82b9.d5030c",
    "digest": "605dc739362347ff2672c33ccfd9ed908fcce087fc70248b489f61b5ca61d994"
  },
  {
    "filename": "global-configs-ui-group-col1.flow",
    "group": "configs",
    "type": "ui_group",
    "id": "813d2a41.9c0228",
    "digest": "5bc204bd560fb38dced5861aab22449de0f919ff4d1826914f82174b1c51a329"
  },
  {
    "filename": "global-configs-ui-tab-tab-2.flow",
    "group": "configs",
    "type": "ui_tab",
    "id": "fe3cec98.8cee2",
    "digest": "988d5d50c4cc361461210fdb5c2714c9dc5ca996857d647396edbdfa5adcc79a"
  },
  {
    "filename": "global-configs-ui-group-default.flow",
    "group": "configs",
    "type": "ui_group",
    "id": "316384a.3cbc27c",
    "digest": "c00e73e1078124ccc24f0c1f5cc842f49998946bb2cf0ecb0dc8a3055b03e8f0"
  },
  {
    "filename": "global-configs-ui-group-default.flow",
    "group": "configs",
    "type": "ui_group",
    "id": "ccd5aecb.3b7e9",
    "digest": "7d0e79226e85b92ced4a613d8ed2f3dd5aa0394b6bf56780de6943ef27ac039b"
  },
  {
    "filename": "global-configs-websocket-listener.flow",
    "group": "configs",
    "type": "websocket-listener",
    "id": "7138d6b8.dc7bc8",
    "digest": "296e44cdb45292c2e00e6e7be3b3683c023b8e650a7ff44a10d7fa8d91b620a7"
  },
  {
    "filename": "global-configs-remote-server-elasticsearch.flow",
    "group": "configs",
    "type": "remote-server",
    "id": "c636bc4a.a28ab",
    "digest": "4c63a2aaedc39266b520752a94d1c630c2923fc14a439b597ca0d5d9b8c5a07b"
  },
  {
    "filename": "global-configs-tls-config-.flow",
    "group": "configs",
    "type": "tls-config",
    "id": "c792be07.29d4",
    "digest": "4d2c4bf1eaa6d887d5e2c47b821df1e2c91a7945719eb9fe9113c54a934f0750"
  },
  {
    "filename": "global-configs-selenium-server.flow",
    "group": "configs",
    "type": "selenium-server",
    "id": "a0ccc8b4.4e82d8",
    "digest": "63ba4466509c36433bd212c9d3f373ff85ccb28486678e203b3e9f760fcae66d"
  },
  {
    "filename": "global-configs-websocket-client.flow",
    "group": "configs",
    "type": "websocket-client",
    "id": "5d04b4f1.4b454c",
    "digest": "3ccfcce689bf6be501ac8ba75e27c975bfc3514c858954419c587382e9374d2e"
  }
]