[
  {
    "filename": "nr-tab-export-flows.flow",
    "group": "flows",
    "type": "tab",
    "id": "47a7c313.2ada2c",
    "digest": "7512c325249a6c94fdf1ec65e7c02ce80eb93d52d1469a452f304463d5f82780"
  },
  {
    "filename": "nr-tab-versioning.flow",
    "group": "flows",
    "type": "tab",
    "id": "bf974c83.5f375",
    "digest": "b17e306ed800da6d07f687a787e7850b251d3f5b529669ad0580dcf09a44c92b"
  },
  {
    "filename": "nr-tab-vault-get.flow",
    "group": "flows",
    "type": "tab",
    "id": "51d28c91.2e8f94",
    "digest": "6d95c5d450aebecf8cb1c824a53a67506fee991b0824852df956895a11e6ee46"
  },
  {
    "filename": "nr-tab-play-area.flow",
    "group": "flows",
    "type": "tab",
    "id": "759eb6f2.0fd348",
    "digest": "8d599f664a6c735e3419f39a01af5ed50a896b10b1146e0931b5a56adb5c8f5d"
  },
  {
    "filename": "nr-tab-pipelines-2.flow",
    "group": "flows",
    "type": "tab",
    "id": "2a7e6d27.071602",
    "digest": "e22a98f2cb53e2d529b4e22d7417c9f7db26f0eb569094662b7c0b792e84c024"
  },
  {
    "filename": "nr-tab-pipelines-3.flow",
    "group": "flows",
    "type": "tab",
    "id": "ecaf01aa.b0bd1",
    "digest": "ffc76f7b4f40cf3deee1fc4aac84c39241ea0c6f9d0e750d6d62d75a33f585af"
  },
  {
    "filename": "nr-tab-services.flow",
    "group": "flows",
    "type": "tab",
    "id": "2c60e191.73796e",
    "digest": "36777f7e5248bde3bb58ef17a56986e16e9abe85df10816567366b4d2f1a10a9"
  },
  {
    "filename": "nr-tab-pipelines.flow",
    "group": "flows",
    "type": "tab",
    "id": "46e49ce7.e675f4",
    "digest": "28756c8c50bb8a0f1c116884f82be3d49ab98ddd2e93e5dbd5ca830d5e5c12b5"
  },
  {
    "filename": "nr-tab-rocket-chat.flow",
    "group": "flows",
    "type": "tab",
    "id": "5aeacf6f.81a15",
    "digest": "515e16769856d8c01198dc11ac908eeda63f55cf493e62c09eba16d4ff4ac60b"
  },
  {
    "filename": "nr-tab-canzea.flow",
    "group": "flows",
    "type": "tab",
    "id": "9fb1c4c0.052eb8",
    "digest": "ea4479c75e0aa9403418d6ded5c8669512f9a175b2092afca8bb0b739b182b66"
  },
  {
    "filename": "nr-tab-flow-1.flow",
    "group": "flows",
    "type": "tab",
    "id": "8f4de270.8db73",
    "digest": "29db60eb49a937e4f4d31ec954644e1a6a39f57c186a4b0ec5bf9f84d27a69fd"
  },
  {
    "filename": "nr-tab-go-cd.flow",
    "group": "flows",
    "type": "tab",
    "id": "1d85ddf3.04f752",
    "digest": "515d82a3b60e248882f50af9d69bf1d8d4d4af2c604208e2196492d5d7ffde41"
  },
  {
    "filename": "nr-tab-approles.flow",
    "group": "flows",
    "type": "tab",
    "id": "103dbf40.0dff71",
    "digest": "22a94e62e99ca95dc0f4e91e73163f0628a5976e69608e3180d4649afc60025e"
  },
  {
    "filename": "nr-tab-chatbot.flow",
    "group": "flows",
    "type": "tab",
    "id": "661a4030.18bf8",
    "digest": "50f7cfc143f03c504559c62e221ff6d09b8c3dd55262ac1c54f21d723ba885d8"
  },
  {
    "filename": "nr-tab-picture.flow",
    "group": "flows",
    "type": "tab",
    "id": "9e1ae15e.51666",
    "digest": "5187e79d199ffb45c5b1f94f34f02593f0b454ef14f8f78297801bfd890aa3fb"
  },
  {
    "filename": "nr-tab-components.flow",
    "group": "flows",
    "type": "tab",
    "id": "b8c632d5.954ca",
    "digest": "9c5f2dcd1dcd590594a2f14cb1aad1665631a82d0cfeb06ad22971099ab54292"
  },
  {
    "filename": "nr-tab-environments.flow",
    "group": "flows",
    "type": "tab",
    "id": "fa18a816.0f6928",
    "digest": "19468154b82b679cb25b164e3ad3f07e6a2dd0f64aa3a26dd521a2f95f49ef48"
  },
  {
    "filename": "nr-tab-policies.flow",
    "group": "flows",
    "type": "tab",
    "id": "60611940.239cb8",
    "digest": "3977cc1f32a6a64299ac0725571e64db0939c022a52f6acfb7c712d362b5cc13"
  },
  {
    "filename": "nr-tab-vars.flow",
    "group": "flows",
    "type": "tab",
    "id": "f3fa34d6.7b6158",
    "digest": "ff19c4af80ed248d592e32ddda5b188dc588dcea09b0bfe89b434a667ddace68"
  },
  {
    "filename": "nr-tab-slack-simulator.flow",
    "group": "flows",
    "type": "tab",
    "id": "f5cdebf8.3fcaf8",
    "digest": "b345ce57857430e775fc1d7f72012270f832def01df87763dd54155e8ab4846f"
  },
  {
    "filename": "nr-tab-id-global.flow",
    "group": "flows",
    "type": "tab",
    "id": "global",
    "digest": "6c854926f93601c588eaf9b3410b83384b83737752dc88be6bdcc46686971d3d"
  },
  {
    "filename": "global-subflow-rocket-chat-send-message.flow",
    "group": "subflows",
    "type": "subflow",
    "id": "459ae946.b59388",
    "digest": "60142de2b9f327707dbf76c0fb7a8fb086049e3fca5dbe24c61ea01b936ce4c7"
  },
  {
    "filename": "global-subflow-rocket-chat-channels.flow",
    "group": "subflows",
    "type": "subflow",
    "id": "4fc6c84.9271b38",
    "digest": "2d9e4c8d20dce0ed95d9f77b746c25bb85e102a485eaa468982ac3b6f6456d47"
  },
  {
    "filename": "global-subflow-rocket-chat-users.flow",
    "group": "subflows",
    "type": "subflow",
    "id": "9ed8bb48.699498",
    "digest": "4a126285a14768aeb9b456c35277edc8d66ae52675cc3d0515f49b26e7ae8af9"
  },
  {
    "filename": "global-subflow-rocket-chat-groups.flow",
    "group": "subflows",
    "type": "subflow",
    "id": "3206ac46.8fc5e4",
    "digest": "392462de93139c92ee07cb72732b89bd3bcd9ca1176a19395e357801e4f2f1ea"
  },
  {
    "filename": "global-subflow-vault.flow",
    "group": "subflows",
    "type": "subflow",
    "id": "fcb37b93.778448",
    "digest": "5c1298845e735a77068658956aee48b751dcfa97e177d8eaf93404901caa784e"
  },
  {
    "filename": "global-subflow-exports-nodered.flow",
    "group": "subflows",
    "type": "subflow",
    "id": "9223e50a.f92628",
    "digest": "551202c7177e7a2bf007e8fa212fdbff13cf8aef5fb3fa8a5e62e8ffa6a6521c"
  },
  {
    "filename": "global-subflow-components.flow",
    "group": "subflows",
    "type": "subflow",
    "id": "ea5122d7.76e78",
    "digest": "dbfb71abe2fca93faf7999537ac5b94cd6b1fda4717d64607e9b014f0932075a"
  },
  {
    "filename": "global-subflow-go-cd-pipelines.flow",
    "group": "subflows",
    "type": "subflow",
    "id": "a1cb3587.05ca68",
    "digest": "c127e966439dd346b8f39f4644966d270b6495f13f628bafbd04435f76f5e42e"
  },
  {
    "filename": "global-subflow-versioning.flow",
    "group": "subflows",
    "type": "subflow",
    "id": "cfce5daf.36867",
    "digest": "8e055c4c70b0355e9683daaf978db72bcf25d821436eb9bd683a0d021405d7e3"
  },
  {
    "filename": "global-subflow-consul-services.flow",
    "group": "subflows",
    "type": "subflow",
    "id": "a6b9a798.463af8",
    "digest": "4adb7fe3fa606eba4d8d4363530d5f7d4280d5e801a73c676fc4f6e035537473"
  },
  {
    "filename": "global-subflow-async-events.flow",
    "group": "subflows",
    "type": "subflow",
    "id": "78d32ab1.ca8c04",
    "digest": "8e4dd9a7ef325346f0152a30180af3ca823a76e69e9d1ec0dd795b34fb247e48"
  },
  {
    "filename": "global-subflow-routing.flow",
    "group": "subflows",
    "type": "subflow",
    "id": "9e3e25e6.0e0308",
    "digest": "4406e7f209c6b8270ab12b579568bcd86d01e10492c63cacac9a61882e156fcc"
  },
  {
    "filename": "global-subflow-grafana.flow",
    "group": "subflows",
    "type": "subflow",
    "id": "811542a8.5ac78",
    "digest": "e240562b16beab591a1fc2e2aa78b3b437e5e57c50d08f903bbdd44a5647ccdc"
  },
  {
    "filename": "global-subflow-vault-read.flow",
    "group": "subflows",
    "type": "subflow",
    "id": "d8491633.ad8e18",
    "digest": "933a12d68e3eb78a3aa44736f5bd9f2dbd0d13cf54374ff76acdd56cfbc6897e"
  },
  {
    "filename": "global-subflow-gogs.flow",
    "group": "subflows",
    "type": "subflow",
    "id": "cc909323.1bc6b",
    "digest": "fd09f922fd7876b3e723af40c481f2f1f196b629dc7d783c418cbd8b4de7365f"
  },
  {
    "filename": "global-configs-websocket-client.flow",
    "group": "configs",
    "type": "websocket-client",
    "id": "692f4929.e69968",
    "digest": "68adf4d3c855b7da1803c4d1c8669d6228744068fe1d72dcb8c108efc3c67d96"
  },
  {
    "filename": "global-configs-ui-base.flow",
    "group": "configs",
    "type": "ui_base",
    "id": "d8eec1bf.7984a",
    "digest": "a9ebf1612fa066674d364ff6e2b39e96412748eb7d09ae3364335d505e9127dc"
  },
  {
    "filename": "global-configs-ui-tab-tab-1.flow",
    "group": "configs",
    "type": "ui_tab",
    "id": "76aa82b9.d5030c",
    "digest": "605dc739362347ff2672c33ccfd9ed908fcce087fc70248b489f61b5ca61d994"
  },
  {
    "filename": "global-configs-ui-group-col1.flow",
    "group": "configs",
    "type": "ui_group",
    "id": "813d2a41.9c0228",
    "digest": "5bc204bd560fb38dced5861aab22449de0f919ff4d1826914f82174b1c51a329"
  },
  {
    "filename": "global-configs-ui-tab-tab-2.flow",
    "group": "configs",
    "type": "ui_tab",
    "id": "fe3cec98.8cee2",
    "digest": "988d5d50c4cc361461210fdb5c2714c9dc5ca996857d647396edbdfa5adcc79a"
  },
  {
    "filename": "global-configs-ui-group-default.flow",
    "group": "configs",
    "type": "ui_group",
    "id": "316384a.3cbc27c",
    "digest": "c00e73e1078124ccc24f0c1f5cc842f49998946bb2cf0ecb0dc8a3055b03e8f0"
  },
  {
    "filename": "global-configs-ui-group-default.flow",
    "group": "configs",
    "type": "ui_group",
    "id": "ccd5aecb.3b7e9",
    "digest": "7d0e79226e85b92ced4a613d8ed2f3dd5aa0394b6bf56780de6943ef27ac039b"
  },
  {
    "filename": "global-configs-websocket-listener.flow",
    "group": "configs",
    "type": "websocket-listener",
    "id": "7138d6b8.dc7bc8",
    "digest": "296e44cdb45292c2e00e6e7be3b3683c023b8e650a7ff44a10d7fa8d91b620a7"
  },
  {
    "filename": "global-configs-remote-server-elasticsearch.flow",
    "group": "configs",
    "type": "remote-server",
    "id": "c636bc4a.a28ab",
    "digest": "4c63a2aaedc39266b520752a94d1c630c2923fc14a439b597ca0d5d9b8c5a07b"
  },
  {
    "filename": "global-configs-tls-config-consul.flow",
    "group": "configs",
    "type": "tls-config",
    "id": "c792be07.29d4",
    "digest": "de883dd13aa2dc648c34aa9e096f8080976372528031d1b5cb9b36aa15f0cc41"
  },
  {
    "filename": "global-configs-selenium-server.flow",
    "group": "configs",
    "type": "selenium-server",
    "id": "a0ccc8b4.4e82d8",
    "digest": "63ba4466509c36433bd212c9d3f373ff85ccb28486678e203b3e9f760fcae66d"
  },
  {
    "filename": "global-configs-websocket-client.flow",
    "group": "configs",
    "type": "websocket-client",
    "id": "5d04b4f1.4b454c",
    "digest": "3ccfcce689bf6be501ac8ba75e27c975bfc3514c858954419c587382e9374d2e"
  },
  {
    "filename": "global-configs-tls-config-vault.flow",
    "group": "configs",
    "type": "tls-config",
    "id": "94073df5.ac54f",
    "digest": "9722e66033e326d6786640223f73f4ba9251f7d57817d47c0c4f17c4b75a3eca"
  }
]