[
  {
    "filename": "nr-tab-approles.flow",
    "group": "flows",
    "type": "tab",
    "id": "7243d5b3.d8e7fc",
    "digest": "395fcf5fedc732c2e3e0a7ce32e868ab979767946c1c609aa18558edba0e1da3"
  },
  {
    "filename": "nr-tab-canzea.flow",
    "group": "flows",
    "type": "tab",
    "id": "a285a14b.b09ec",
    "digest": "e777be88e6af5d963299990afdfc9634aa15950fbbb672bf1497ed45269f8168"
  },
  {
    "filename": "nr-tab-chatbot.flow",
    "group": "flows",
    "type": "tab",
    "id": "c8c9b334.36f86",
    "digest": "11e41e52653dc9f60ecd05da0338353ef7435e57556f9a5da6e649296176e824"
  },
  {
    "filename": "nr-tab-components.flow",
    "group": "flows",
    "type": "tab",
    "id": "f599a037.bdfe8",
    "digest": "c96d7210263dd9a2894148315ddd7686578c2a5944ff6d3d5d4ae2636285d6f3"
  },
  {
    "filename": "nr-tab-environments.flow",
    "group": "flows",
    "type": "tab",
    "id": "c62e6955.0892d8",
    "digest": "20bd08894e1bf86edbcb2a9136d15484aa628ef1d4c0a1f3532345375476f553"
  },
  {
    "filename": "nr-tab-export-flows.flow",
    "group": "flows",
    "type": "tab",
    "id": "1be3d533.aa8ffb",
    "digest": "b493fc03fed59e388932545b5a3a6a2f0118d38f6eceefb7213dea25bb892e3f"
  },
  {
    "filename": "nr-tab-flow-1.flow",
    "group": "flows",
    "type": "tab",
    "id": "9efb82b2.91eb1",
    "digest": "0a62c28f11eaf47546609f8fa6dc5c3284202065d8074cf616b06c849902131a"
  },
  {
    "filename": "nr-tab-go-cd.flow",
    "group": "flows",
    "type": "tab",
    "id": "94b66020.2a22f",
    "digest": "3dedc30f5e2a3257ba20442d17f2fd7741bfc08e9be281742d568d3fdea710e7"
  },
  {
    "filename": "nr-tab-picture.flow",
    "group": "flows",
    "type": "tab",
    "id": "bb3d2dbf.d88b1",
    "digest": "90d746b070e393ec951ee353a532fa52f5c448b2e18538392e9e21331b1d5edb"
  },
  {
    "filename": "nr-tab-pipelines-2.flow",
    "group": "flows",
    "type": "tab",
    "id": "26691cec.3301f4",
    "digest": "b22b24a2cdfd5a2d8b932a5a15553050ac144c0c1228f38d01a26bd2c60a20cc"
  },
  {
    "filename": "nr-tab-pipelines-3.flow",
    "group": "flows",
    "type": "tab",
    "id": "f2cf1c65.caac5",
    "digest": "28c7ccc52987dc504308ee4a22ff3199f9b957d892549d1f722596f03abd71fe"
  },
  {
    "filename": "nr-tab-pipelines.flow",
    "group": "flows",
    "type": "tab",
    "id": "83a2128d.7da6a",
    "digest": "9877424d4f32d1b76f9ec00212330204d42c69115483bb6ad3fe3e0e222b564d"
  },
  {
    "filename": "nr-tab-play-area.flow",
    "group": "flows",
    "type": "tab",
    "id": "65e7aa2d.c45634",
    "digest": "9646e8779804970902613b933640f7bd5e2a7cc68d1929a3c604996ae24ee806"
  },
  {
    "filename": "nr-tab-policies.flow",
    "group": "flows",
    "type": "tab",
    "id": "d237c623.a2a288",
    "digest": "0eb1aa740c9063f7a95771a2ac422e38b006831b5c2195f296784f77ce88f2a1"
  },
  {
    "filename": "nr-tab-rocket-chat.flow",
    "group": "flows",
    "type": "tab",
    "id": "202853c0.a91a2c",
    "digest": "f2379b056e65f1a81ebb72d5b0811dd9f509c7d08dbab8d10ca238c9cc9fba38"
  },
  {
    "filename": "nr-tab-services.flow",
    "group": "flows",
    "type": "tab",
    "id": "5d33b57e.7d644c",
    "digest": "58fd2d6c873e072eec2a0777d8f5de64ea9cd65793c48c9e3209b39ea12c9c59"
  },
  {
    "filename": "nr-tab-slack-simulator.flow",
    "group": "flows",
    "type": "tab",
    "id": "e0bd815d.37ca",
    "digest": "bf26d63bd05186213166145c74221dbb3ea4a95913efae61fad269026947289c"
  },
  {
    "filename": "nr-tab-vars.flow",
    "group": "flows",
    "type": "tab",
    "id": "9f54417b.7eb3a",
    "digest": "628a1cb153454bedca216dfbd0ba5c98ff9d98ce0123a7c569b8702925b1932f"
  },
  {
    "filename": "nr-tab-vault-get.flow",
    "group": "flows",
    "type": "tab",
    "id": "b66b660d.a88a88",
    "digest": "ed82ac2877b4df5cbfc3fcf859a1e9d97c088a793e6c02276d7f5c71e4f0f265"
  },
  {
    "filename": "nr-tab-versioning.flow",
    "group": "flows",
    "type": "tab",
    "id": "58f754f1.e60abc",
    "digest": "e375f4d2789131657193d2ab1f492959d4ad5a49eba3f425f5864711fa96bb6c"
  },
  {
    "filename": "nr-tab-go-cd-tester.flow",
    "group": "flows",
    "type": "tab",
    "id": "1ba9db94.bd99b4",
    "digest": "d44f22135056ece0cc2f2601e0b794f51ca31a0234af09f1fc25252046876ec7"
  },
  {
    "filename": "nr-tab-webhooks.flow",
    "group": "flows",
    "type": "tab",
    "id": "a2d3a527.af2358",
    "digest": "2dda7c78b69ada64f938d6361fd2d7650e1906e16857afda277336f6bb4eadab"
  },
  {
    "filename": "nr-tab-simple-hw.flow",
    "group": "flows",
    "type": "tab",
    "id": "13033291.0d2ffd",
    "digest": "4d9539a8af70407c4e80f5db31819a0df59fc57b890ec2898c86387865f52c09"
  },
  {
    "filename": "nr-tab-id-global.flow",
    "group": "flows",
    "type": "tab",
    "id": "global",
    "digest": "612fc6e49e1f3f6bf2a5d0e64e2c8b1c666ca07d9521e3eb367544ae16be5230"
  },
  {
    "filename": "global-subflow-rocket-chat-send-message.flow",
    "group": "subflows",
    "type": "subflow",
    "id": "459ae946.b59388",
    "digest": "b977fcb78062b114bcc8195eb66374e960917d3e5372028aacb8e9148b3cb374"
  },
  {
    "filename": "global-subflow-rocket-chat-channels.flow",
    "group": "subflows",
    "type": "subflow",
    "id": "4fc6c84.9271b38",
    "digest": "7efb62c2c7a54ed0974fa01aef574f8ab60bfe790ecc01b837ae1af91b3cb2dc"
  },
  {
    "filename": "global-subflow-rocket-chat-users.flow",
    "group": "subflows",
    "type": "subflow",
    "id": "9ed8bb48.699498",
    "digest": "4a126285a14768aeb9b456c35277edc8d66ae52675cc3d0515f49b26e7ae8af9"
  },
  {
    "filename": "global-subflow-rocket-chat-groups.flow",
    "group": "subflows",
    "type": "subflow",
    "id": "3206ac46.8fc5e4",
    "digest": "392462de93139c92ee07cb72732b89bd3bcd9ca1176a19395e357801e4f2f1ea"
  },
  {
    "filename": "global-subflow-vault.flow",
    "group": "subflows",
    "type": "subflow",
    "id": "fcb37b93.778448",
    "digest": "d083488cfeacffc6e299eac2dd94571943fbbdf0fecf80dfef8b5f3348eb14f3"
  },
  {
    "filename": "global-subflow-exports-nodered.flow",
    "group": "subflows",
    "type": "subflow",
    "id": "9223e50a.f92628",
    "digest": "551202c7177e7a2bf007e8fa212fdbff13cf8aef5fb3fa8a5e62e8ffa6a6521c"
  },
  {
    "filename": "global-subflow-components.flow",
    "group": "subflows",
    "type": "subflow",
    "id": "ea5122d7.76e78",
    "digest": "64c28a6d3dda639aba01bb0e7c214c4e95fa4ac092f746c463471237c569918a"
  },
  {
    "filename": "global-subflow-go-cd-pipelines-v1.flow",
    "group": "subflows",
    "type": "subflow",
    "id": "a1cb3587.05ca68",
    "digest": "97ffa58af61d918c16b0ae0167bd244304bbf8e20067a7c1e7c2fb6849259465"
  },
  {
    "filename": "global-subflow-versioning.flow",
    "group": "subflows",
    "type": "subflow",
    "id": "cfce5daf.36867",
    "digest": "8e055c4c70b0355e9683daaf978db72bcf25d821436eb9bd683a0d021405d7e3"
  },
  {
    "filename": "global-subflow-consul-services.flow",
    "group": "subflows",
    "type": "subflow",
    "id": "a6b9a798.463af8",
    "digest": "4e58451154f88cb0daa075baae8609efcd3f702c4bc3c0702a28bf525f65a4a2"
  },
  {
    "filename": "global-subflow-async-events.flow",
    "group": "subflows",
    "type": "subflow",
    "id": "78d32ab1.ca8c04",
    "digest": "d4968a36e22c8b80030ee69d408288b9af74880f8f49bb04771c9f8f5ab7afd5"
  },
  {
    "filename": "global-subflow-routing.flow",
    "group": "subflows",
    "type": "subflow",
    "id": "9e3e25e6.0e0308",
    "digest": "33beadb465e86636087e765af0872974318c9b74ade6c6783b580da5754f9e4b"
  },
  {
    "filename": "global-subflow-grafana.flow",
    "group": "subflows",
    "type": "subflow",
    "id": "811542a8.5ac78",
    "digest": "0e024aa7786218e6ddd46b7cb461b43d3a24452c9acaefff1f82e2239952395c"
  },
  {
    "filename": "global-subflow-vault-read.flow",
    "group": "subflows",
    "type": "subflow",
    "id": "d8491633.ad8e18",
    "digest": "745a3439953f6f52a9b05942343044574bf4367b33191786e10f1c7b30e04052"
  },
  {
    "filename": "global-subflow-gogs.flow",
    "group": "subflows",
    "type": "subflow",
    "id": "cc909323.1bc6b",
    "digest": "6c382c2f42119d51da69633de7263c8419613df3340f3ab271968f2928f26fa5"
  },
  {
    "filename": "global-subflow-kibana.flow",
    "group": "subflows",
    "type": "subflow",
    "id": "15591bdf.bd0854",
    "digest": "9ec6e317a1cc8bd2de47bb20761d1ba6a1cab13f8ea1852d2ff0420b5608cb06"
  },
  {
    "filename": "global-subflow-go-cd.flow",
    "group": "subflows",
    "type": "subflow",
    "id": "357b5975.8ef876",
    "digest": "0256d55b87ab18678264a65f2356ee1af317d934e67811f01821367b4ab9d44c"
  },
  {
    "filename": "global-subflow-go-cd-pipelines.flow",
    "group": "subflows",
    "type": "subflow",
    "id": "109c70f5.f87c1f",
    "digest": "9cbd8b9d2fb904f5f01f29f9329c806d4ce770484ab85bc0006192ed4f1dcc31"
  },
  {
    "filename": "global-configs-websocket-client.flow",
    "group": "configs",
    "type": "websocket-client",
    "id": "692f4929.e69968",
    "digest": "15229e70560a8729afc3524ed76285f8392acdf58c01225bfd192b1d2fb42b89"
  },
  {
    "filename": "global-configs-ui-base.flow",
    "group": "configs",
    "type": "ui_base",
    "id": "d8eec1bf.7984a",
    "digest": "a9ebf1612fa066674d364ff6e2b39e96412748eb7d09ae3364335d505e9127dc"
  },
  {
    "filename": "global-configs-ui-tab-tab-1.flow",
    "group": "configs",
    "type": "ui_tab",
    "id": "76aa82b9.d5030c",
    "digest": "605dc739362347ff2672c33ccfd9ed908fcce087fc70248b489f61b5ca61d994"
  },
  {
    "filename": "global-configs-ui-group-col1.flow",
    "group": "configs",
    "type": "ui_group",
    "id": "813d2a41.9c0228",
    "digest": "fc9d60ce80ec27699a3b3d44daddbf4fddf183085460d6b995f8e123e7d440e4"
  },
  {
    "filename": "global-configs-ui-tab-tab-2.flow",
    "group": "configs",
    "type": "ui_tab",
    "id": "fe3cec98.8cee2",
    "digest": "988d5d50c4cc361461210fdb5c2714c9dc5ca996857d647396edbdfa5adcc79a"
  },
  {
    "filename": "global-configs-ui-group-default.flow",
    "group": "configs",
    "type": "ui_group",
    "id": "316384a.3cbc27c",
    "digest": "4136371fa8352969e0ee6f20f571e78000d28cc263c15fde70d5724017615709"
  },
  {
    "filename": "global-configs-ui-group-default.flow",
    "group": "configs",
    "type": "ui_group",
    "id": "ccd5aecb.3b7e9",
    "digest": "6f31104090f98102f38127bc39d0caef85f2dc2ac751ee15979e9088d8848406"
  },
  {
    "filename": "global-configs-websocket-listener.flow",
    "group": "configs",
    "type": "websocket-listener",
    "id": "7138d6b8.dc7bc8",
    "digest": "296e44cdb45292c2e00e6e7be3b3683c023b8e650a7ff44a10d7fa8d91b620a7"
  },
  {
    "filename": "global-configs-remote-server-elasticsearch.flow",
    "group": "configs",
    "type": "remote-server",
    "id": "c636bc4a.a28ab",
    "digest": "48c10532476ccb051ba5ac653ae7009b0ee9dc06abce01095eb21cbe01651532"
  },
  {
    "filename": "global-configs-tls-config-consul.flow",
    "group": "configs",
    "type": "tls-config",
    "id": "c792be07.29d4",
    "digest": "d86632a91f0e96f2a5760a6888ab61dca202df8126be8e564e87071d867650cd"
  },
  {
    "filename": "global-configs-selenium-server.flow",
    "group": "configs",
    "type": "selenium-server",
    "id": "a0ccc8b4.4e82d8",
    "digest": "63ba4466509c36433bd212c9d3f373ff85ccb28486678e203b3e9f760fcae66d"
  },
  {
    "filename": "global-configs-websocket-client.flow",
    "group": "configs",
    "type": "websocket-client",
    "id": "5d04b4f1.4b454c",
    "digest": "3ccfcce689bf6be501ac8ba75e27c975bfc3514c858954419c587382e9374d2e"
  },
  {
    "filename": "global-configs-tls-config-vault.flow",
    "group": "configs",
    "type": "tls-config",
    "id": "94073df5.ac54f",
    "digest": "6535ff5d200ab2814d3f543680ad42b316300ecb59003d7e165e4649f689aea3"
  }
]